{
  "eval_loss": 0.8715463876724243,
  "eval_accuracy": 0.2222222222222222,
  "eval_macro_f1": 0.13333333333333333,
  "eval_cohen_kappa": 0.19999999999999996,
  "eval_recognized_ratio": 0.4444444444444444,
  "eval_runtime": 0.744,
  "eval_samples_per_second": 12.096,
  "eval_steps_per_second": 6.72,
  "epoch": 1.0
}